{
    "chat": {
        "alpha": 0.5287461135771385,
        "beta": 53.38349158176255
    },
    "api": {
        "alpha": 1.4156974261071094,
        "beta": 1.570167105932698
    }
}